,IdState,State,IdQuarter,Quarter,IdClasification,Clasification,MonthlyWage,Total
0,2,Baja California,20101,2010-Q1,1,Empleo Informal,3632.272319132263,579346
1,2,Baja California,20101,2010-Q1,2,Empleo Formal,6474.316050672587,735072
2,2,Baja California,20102,2010-Q2,1,Empleo Informal,3304.817446415871,586321
3,2,Baja California,20102,2010-Q2,2,Empleo Formal,5999.6269642099805,740374
4,2,Baja California,20103,2010-Q3,1,Empleo Informal,3657.6143532635115,565725
5,2,Baja California,20103,2010-Q3,2,Empleo Formal,5993.469211354239,736148
6,2,Baja California,20104,2010-Q4,1,Empleo Informal,3082.125869031861,593045
7,2,Baja California,20104,2010-Q4,2,Empleo Formal,6274.12926984965,742532
8,2,Baja California,20111,2011-Q1,1,Empleo Informal,3515.630297159314,572925
9,2,Baja California,20111,2011-Q1,2,Empleo Formal,6321.014922215259,751497
10,2,Baja California,20112,2011-Q2,1,Empleo Informal,3501.021619172289,595860
11,2,Baja California,20112,2011-Q2,2,Empleo Formal,6080.387149843848,759197
12,2,Baja California,20113,2011-Q3,1,Empleo Informal,3447.7243579181086,600819
13,2,Baja California,20113,2011-Q3,2,Empleo Formal,5952.393311542433,751384
14,2,Baja California,20114,2011-Q4,1,Empleo Informal,3209.9547424866855,655869
15,2,Baja California,20114,2011-Q4,2,Empleo Formal,6014.653648571878,744579
16,2,Baja California,20121,2012-Q1,1,Empleo Informal,3461.2286177276137,621426
17,2,Baja California,20121,2012-Q1,2,Empleo Formal,6047.075301667975,741378
18,2,Baja California,20122,2012-Q2,1,Empleo Informal,3325.9366093662748,662590
19,2,Baja California,20122,2012-Q2,2,Empleo Formal,6145.58721732599,769526
20,2,Baja California,20123,2012-Q3,1,Empleo Informal,3339.96941700503,660040
21,2,Baja California,20123,2012-Q3,2,Empleo Formal,5731.596943435179,756601
22,2,Baja California,20124,2012-Q4,1,Empleo Informal,3267.5287672656314,654407
23,2,Baja California,20124,2012-Q4,2,Empleo Formal,5844.8872113215,769368
24,2,Baja California,20131,2013-Q1,1,Empleo Informal,3276.6167265560653,605839
25,2,Baja California,20131,2013-Q1,2,Empleo Formal,5737.849740409185,811662
26,2,Baja California,20132,2013-Q2,1,Empleo Informal,3343.696021391542,659326
27,2,Baja California,20132,2013-Q2,2,Empleo Formal,5179.637447111583,828395
28,2,Baja California,20133,2013-Q3,1,Empleo Informal,3245.891251390489,605902
29,2,Baja California,20133,2013-Q3,2,Empleo Formal,5282.953084759089,844523
30,2,Baja California,20134,2013-Q4,1,Empleo Informal,3237.4433676123667,611258
31,2,Baja California,20134,2013-Q4,2,Empleo Formal,5153.252553017539,864761
32,2,Baja California,20141,2014-Q1,1,Empleo Informal,3093.824633065879,562090
33,2,Baja California,20141,2014-Q1,2,Empleo Formal,5070.789985055691,885956
34,2,Baja California,20142,2014-Q2,1,Empleo Informal,3273.9199513778494,601372
35,2,Baja California,20142,2014-Q2,2,Empleo Formal,5418.189456161083,880040
36,2,Baja California,20143,2014-Q3,1,Empleo Informal,3306.9248867038086,577248
37,2,Baja California,20143,2014-Q3,2,Empleo Formal,5322.892052224015,885493
38,2,Baja California,20144,2014-Q4,1,Empleo Informal,3187.822355926848,588694
39,2,Baja California,20144,2014-Q4,2,Empleo Formal,5233.372814202236,908364
40,2,Baja California,20151,2015-Q1,1,Empleo Informal,3395.607976322475,572695
41,2,Baja California,20151,2015-Q1,2,Empleo Formal,5275.7053526196005,925771
42,2,Baja California,20152,2015-Q2,1,Empleo Informal,3446.7338022278577,602552
43,2,Baja California,20152,2015-Q2,2,Empleo Formal,5328.943211055853,898203
44,2,Baja California,20153,2015-Q3,1,Empleo Informal,3317.54158324757,604378
45,2,Baja California,20153,2015-Q3,2,Empleo Formal,5121.392938859188,907757
46,2,Baja California,20154,2015-Q4,1,Empleo Informal,3369.7476660120897,638071
47,2,Baja California,20154,2015-Q4,2,Empleo Formal,5088.620938266994,899616
48,2,Baja California,20161,2016-Q1,1,Empleo Informal,3736.452112784908,634021
49,2,Baja California,20161,2016-Q1,2,Empleo Formal,5464.720375498782,897686
50,2,Baja California,20162,2016-Q2,1,Empleo Informal,3608.336649652829,628508
51,2,Baja California,20162,2016-Q2,2,Empleo Formal,5522.457761394318,927765
52,2,Baja California,20163,2016-Q3,1,Empleo Informal,3639.7880420791685,629290
53,2,Baja California,20163,2016-Q3,2,Empleo Formal,5783.441081366011,959934
54,2,Baja California,20164,2016-Q4,1,Empleo Informal,3443.26789658967,611583
55,2,Baja California,20164,2016-Q4,2,Empleo Formal,5361.3959990644635,987669
56,2,Baja California,20171,2017-Q1,1,Empleo Informal,3852.9195380852725,594915
57,2,Baja California,20171,2017-Q1,2,Empleo Formal,5318.255889137443,974973
58,2,Baja California,20172,2017-Q2,1,Empleo Informal,3465.0594548981157,658886
59,2,Baja California,20172,2017-Q2,2,Empleo Formal,5335.671447956021,977212
60,2,Baja California,20173,2017-Q3,1,Empleo Informal,3350.897609201444,646855
61,2,Baja California,20173,2017-Q3,2,Empleo Formal,4999.897240662127,982772
62,2,Baja California,20174,2017-Q4,1,Empleo Informal,3481.617876597769,651690
63,2,Baja California,20174,2017-Q4,2,Empleo Formal,5497.09051859623,979876
64,2,Baja California,20181,2018-Q1,1,Empleo Informal,3799.3260508041903,660851
65,2,Baja California,20181,2018-Q1,2,Empleo Formal,5727.02894423545,987796
66,2,Baja California,20182,2018-Q2,1,Empleo Informal,3775.7044064890233,664815
67,2,Baja California,20182,2018-Q2,2,Empleo Formal,6332.3799289832095,1014408
68,2,Baja California,20183,2018-Q3,1,Empleo Informal,3593.495324564123,677370
69,2,Baja California,20183,2018-Q3,2,Empleo Formal,5289.232494650557,994496
70,2,Baja California,20184,2018-Q4,1,Empleo Informal,3787.429208045694,657942
71,2,Baja California,20184,2018-Q4,2,Empleo Formal,5509.783503339184,1044866
72,2,Baja California,20191,2019-Q1,1,Empleo Informal,4079.4883090632748,634252
73,2,Baja California,20191,2019-Q1,2,Empleo Formal,5990.520806205977,1050600
74,2,Baja California,20192,2019-Q2,1,Empleo Informal,3926.0944222703542,660681
75,2,Baja California,20192,2019-Q2,2,Empleo Formal,5975.918736718276,1054080
76,2,Baja California,20193,2019-Q3,1,Empleo Informal,4251.621312335466,640446
77,2,Baja California,20193,2019-Q3,2,Empleo Formal,6334.022102404943,1081647
78,2,Baja California,20194,2019-Q4,1,Empleo Informal,3985.028222023382,644851
79,2,Baja California,20194,2019-Q4,2,Empleo Formal,6077.059451285694,1082567
80,2,Baja California,20201,2020-Q1,1,Empleo Informal,4269.191911256412,646627
81,2,Baja California,20201,2020-Q1,2,Empleo Formal,6526.352461590318,1041339
82,2,Baja California,20203,2020-Q3,1,Empleo Informal,4044.4350584245703,597437
83,2,Baja California,20203,2020-Q3,2,Empleo Formal,5829.280142541529,1011635
84,2,Baja California,20204,2020-Q4,1,Empleo Informal,3927.579824178425,625293
85,2,Baja California,20204,2020-Q4,2,Empleo Formal,5908.989012919696,1030210
86,2,Baja California,20211,2021-Q1,1,Empleo Informal,4020.116481999275,604059
87,2,Baja California,20211,2021-Q1,2,Empleo Formal,5913.850466237571,1083675
88,2,Baja California,20212,2021-Q2,1,Empleo Informal,3998.866516012397,696960
89,2,Baja California,20212,2021-Q2,2,Empleo Formal,6115.590074068385,1067527
90,2,Baja California,20213,2021-Q3,1,Empleo Informal,4438.669127548081,664667
91,2,Baja California,20213,2021-Q3,2,Empleo Formal,7035.938717136516,1096734
92,2,Baja California,20214,2021-Q4,1,Empleo Informal,4276.422098429871,713381
93,2,Baja California,20214,2021-Q4,2,Empleo Formal,6318.371467870566,1076723
94,2,Baja California,20221,2022-Q1,1,Empleo Informal,5002.865657319385,670070
95,2,Baja California,20221,2022-Q1,2,Empleo Formal,7204.106204206066,1100173
96,2,Baja California,20222,2022-Q2,1,Empleo Informal,5040.988425747311,712789
97,2,Baja California,20222,2022-Q2,2,Empleo Formal,7713.5042819758355,1093654
98,2,Baja California,20223,2022-Q3,1,Empleo Informal,4714.0634574830165,659607
99,2,Baja California,20223,2022-Q3,2,Empleo Formal,7363.855518769301,1123004
100,2,Baja California,20224,2022-Q4,1,Empleo Informal,4613.803319309294,658631
101,2,Baja California,20224,2022-Q4,2,Empleo Formal,6730.719764954078,1139522
102,2,Baja California,20231,2023-Q1,1,Empleo Informal,5137.39062019765,676752
103,2,Baja California,20231,2023-Q1,2,Empleo Formal,7395.0672611295995,1115741
104,2,Baja California,20232,2023-Q2,1,Empleo Informal,4897.787176251179,676682
105,2,Baja California,20232,2023-Q2,2,Empleo Formal,7495.871586258172,1127099
106,2,Baja California,20233,2023-Q3,1,Empleo Informal,5077.223187769776,665368
107,2,Baja California,20233,2023-Q3,2,Empleo Formal,8139.002069568191,1146616
108,2,Baja California,20234,2023-Q4,1,Empleo Informal,5152.724347748699,696664
109,2,Baja California,20234,2023-Q4,2,Empleo Formal,7570.65781242038,1118597
110,2,Baja California,20241,2024-Q1,1,Empleo Informal,5322.26505492129,665862
111,2,Baja California,20241,2024-Q1,2,Empleo Formal,8360.689904275594,1113927
112,2,Baja California,20242,2024-Q2,1,Empleo Informal,5330.135399753322,655917
113,2,Baja California,20242,2024-Q2,2,Empleo Formal,8466.241833646833,1138758
114,2,Baja California,20243,2024-Q3,1,Empleo Informal,6386.672942218177,645999
115,2,Baja California,20243,2024-Q3,2,Empleo Formal,9290.970843201096,1126564
116,2,Baja California,20244,2024-Q4,1,Empleo Informal,6382.87853385608,662909
117,2,Baja California,20244,2024-Q4,2,Empleo Formal,8507.889363522176,1108224
118,2,Baja California,20251,2025-Q1,1,Empleo Informal,5689.559065138537,656140
119,2,Baja California,20251,2025-Q1,2,Empleo Formal,7830.230509679368,1105754
