,IdState,State,IdQuarter,Quarter,IdSex,Sex,Total,Monthly Wage
0,2,Baja California,20101,2010-Q1,1,Hombre,820298,5611.098110686604
1,2,Baja California,20101,2010-Q1,2,Mujer,494120,4575.120070023476
2,2,Baja California,20102,2010-Q2,1,Hombre,815491,5295.821490365926
3,2,Baja California,20102,2010-Q2,2,Mujer,511204,4031.5743245358017
4,2,Baja California,20103,2010-Q3,1,Hombre,811927,5364.455446117693
5,2,Baja California,20103,2010-Q3,2,Mujer,489946,4338.71903434256
6,2,Baja California,20104,2010-Q4,1,Hombre,822834,5087.5336082368985
7,2,Baja California,20104,2010-Q4,2,Mujer,512743,4486.429774760455
8,2,Baja California,20111,2011-Q1,1,Hombre,838148,5545.073192324028
9,2,Baja California,20111,2011-Q1,2,Mujer,486274,4353.151171973003
10,2,Baja California,20112,2011-Q2,1,Hombre,852560,5281.474764239467
11,2,Baja California,20112,2011-Q2,2,Mujer,502497,4377.252600513038
12,2,Baja California,20113,2011-Q3,1,Hombre,836620,5205.732697042863
13,2,Baja California,20113,2011-Q3,2,Mujer,515583,4245.235603190951
14,2,Baja California,20114,2011-Q4,1,Hombre,856059,5107.308308189038
15,2,Baja California,20114,2011-Q4,2,Mujer,544389,4062.4211051288694
16,2,Baja California,20121,2012-Q1,1,Hombre,841747,5242.882427855401
17,2,Baja California,20121,2012-Q1,2,Mujer,521057,4262.269757435367
18,2,Baja California,20122,2012-Q2,1,Hombre,870949,5295.86031903131
19,2,Baja California,20122,2012-Q2,2,Mujer,561167,4135.1277569778695
20,2,Baja California,20123,2012-Q3,1,Hombre,862794,4959.185277134518
21,2,Baja California,20123,2012-Q3,2,Mujer,553847,4084.684201593581
22,2,Baja California,20124,2012-Q4,1,Hombre,855177,5037.314381701098
23,2,Baja California,20124,2012-Q4,2,Mujer,568598,4093.168602422098
24,2,Baja California,20131,2013-Q1,1,Hombre,874914,5030.3663582935005
25,2,Baja California,20131,2013-Q1,2,Mujer,542587,4130.5059741571395
26,2,Baja California,20132,2013-Q2,1,Hombre,892625,4594.726330766
27,2,Baja California,20132,2013-Q2,2,Mujer,595096,4022.8868871577024
28,2,Baja California,20133,2013-Q3,1,Hombre,883327,4792.3003395118685
29,2,Baja California,20133,2013-Q3,2,Mujer,567098,3870.757976575477
30,2,Baja California,20134,2013-Q4,1,Hombre,890563,4704.848546368982
31,2,Baja California,20134,2013-Q4,2,Mujer,585456,3835.097689664125
32,2,Baja California,20141,2014-Q1,1,Hombre,883630,4691.385406787909
33,2,Baja California,20141,2014-Q1,2,Mujer,564416,3695.9544254592356
34,2,Baja California,20142,2014-Q2,1,Hombre,899816,4777.551478302231
35,2,Baja California,20142,2014-Q2,2,Mujer,581596,4192.171158329837
36,2,Baja California,20143,2014-Q3,1,Hombre,897028,4819.888784965464
37,2,Baja California,20143,2014-Q3,2,Mujer,565713,4063.4106552262365
38,2,Baja California,20144,2014-Q4,1,Hombre,911843,4839.016917385998
39,2,Baja California,20144,2014-Q4,2,Mujer,585215,3790.1209880129527
40,2,Baja California,20151,2015-Q1,1,Hombre,928565,4924.038592882566
41,2,Baja California,20151,2015-Q1,2,Mujer,569901,3959.3768637008884
42,2,Baja California,20152,2015-Q2,1,Hombre,921286,4950.980080018583
43,2,Baja California,20152,2015-Q2,2,Mujer,579469,3972.6723793680076
44,2,Baja California,20153,2015-Q3,1,Hombre,943902,4707.49665961085
45,2,Baja California,20153,2015-Q3,2,Mujer,568233,3890.3300670675585
46,2,Baja California,20154,2015-Q4,1,Hombre,942354,4787.425486600577
47,2,Baja California,20154,2015-Q4,2,Mujer,595333,3723.1155000646695
48,2,Baja California,20161,2016-Q1,1,Hombre,942502,5053.534767034977
49,2,Baja California,20161,2016-Q1,2,Mujer,589205,4262.7361529518585
50,2,Baja California,20162,2016-Q2,1,Hombre,960205,5077.961643607355
51,2,Baja California,20162,2016-Q2,2,Mujer,596068,4220.201916559856
52,2,Baja California,20163,2016-Q3,1,Hombre,974353,5426.62497062153
53,2,Baja California,20163,2016-Q3,2,Mujer,614871,4154.9457170691085
54,2,Baja California,20164,2016-Q4,1,Hombre,965752,4963.805796933374
55,2,Baja California,20164,2016-Q4,2,Mujer,633500,4115.743265982636
56,2,Baja California,20171,2017-Q1,1,Hombre,954315,5159.664366587553
57,2,Baja California,20171,2017-Q1,2,Mujer,615573,4147.957148867803
58,2,Baja California,20172,2017-Q2,1,Hombre,984694,4996.837724206708
59,2,Baja California,20172,2017-Q2,2,Mujer,651404,3955.77123413427
60,2,Baja California,20173,2017-Q3,1,Hombre,984348,4784.479100887084
61,2,Baja California,20173,2017-Q3,2,Mujer,645279,3675.4821557806777
62,2,Baja California,20174,2017-Q4,1,Hombre,990651,5148.338029235321
63,2,Baja California,20174,2017-Q4,2,Mujer,640915,3986.7945140931324
64,2,Baja California,20181,2018-Q1,1,Hombre,1018414,5306.482158532777
65,2,Baja California,20181,2018-Q1,2,Mujer,630233,4385.249553736475
66,2,Baja California,20182,2018-Q2,1,Hombre,1012881,5795.7793768468355
67,2,Baja California,20182,2018-Q2,2,Mujer,666342,4597.229310174055
68,2,Baja California,20183,2018-Q3,1,Hombre,997772,4930.584594476493
69,2,Baja California,20183,2018-Q3,2,Mujer,674094,4116.113234949428
70,2,Baja California,20184,2018-Q4,1,Hombre,1018086,5216.813464677836
71,2,Baja California,20184,2018-Q4,2,Mujer,684722,4290.39733643727
72,2,Baja California,20191,2019-Q1,1,Hombre,1011570,5661.151556491394
73,2,Baja California,20191,2019-Q1,2,Mujer,673282,4685.130001990251
74,2,Baja California,20192,2019-Q2,1,Hombre,1030802,5499.218199033374
75,2,Baja California,20192,2019-Q2,2,Mujer,683959,4714.299092489462
76,2,Baja California,20193,2019-Q3,1,Hombre,1034302,5909.5007976393745
77,2,Baja California,20193,2019-Q3,2,Mujer,687791,5033.3624225963995
78,2,Baja California,20194,2019-Q4,1,Hombre,1035249,5688.771258895203
79,2,Baja California,20194,2019-Q4,2,Mujer,692169,4708.79033299671
80,2,Baja California,20201,2020-Q1,1,Hombre,1019401,5929.4895786839525
81,2,Baja California,20201,2020-Q1,2,Mujer,668565,5253.329890137832
82,2,Baja California,20203,2020-Q3,1,Hombre,980600,5590.852243524373
83,2,Baja California,20203,2020-Q3,2,Mujer,628472,4504.590904606729
84,2,Baja California,20204,2020-Q4,1,Hombre,1009786,5598.853064906822
85,2,Baja California,20204,2020-Q4,2,Mujer,645717,4475.248910900596
86,2,Baja California,20211,2021-Q1,1,Hombre,1022533,5697.330572216251
87,2,Baja California,20211,2021-Q1,2,Mujer,665201,4527.009015320182
88,2,Baja California,20212,2021-Q2,1,Hombre,1073704,5649.696310156244
89,2,Baja California,20212,2021-Q2,2,Mujer,690783,4704.090872242079
90,2,Baja California,20213,2021-Q3,1,Hombre,1073235,6333.402788764809
91,2,Baja California,20213,2021-Q3,2,Mujer,688166,5623.004571571394
92,2,Baja California,20214,2021-Q4,1,Hombre,1086268,5796.298483431345
93,2,Baja California,20214,2021-Q4,2,Mujer,703836,5054.473760932945
94,2,Baja California,20221,2022-Q1,1,Hombre,1062402,6825.641396571166
95,2,Baja California,20221,2022-Q1,2,Mujer,707841,5688.3654026822405
96,2,Baja California,20222,2022-Q2,1,Hombre,1077088,7209.379227138358
97,2,Baja California,20222,2022-Q2,2,Mujer,729355,5846.165527075293
98,2,Baja California,20223,2022-Q3,1,Hombre,1072618,6740.790753091967
99,2,Baja California,20223,2022-Q3,2,Mujer,709993,5843.402627913233
100,2,Baja California,20224,2022-Q4,1,Hombre,1068413,6450.426593461517
101,2,Baja California,20224,2022-Q4,2,Mujer,729740,5230.462238605531
102,2,Baja California,20231,2023-Q1,1,Hombre,1070818,7004.348897758536
103,2,Baja California,20231,2023-Q1,2,Mujer,721675,5857.673107700835
104,2,Baja California,20232,2023-Q2,1,Hombre,1075553,6948.738195142406
105,2,Baja California,20232,2023-Q2,2,Mujer,728228,5889.7729543494615
106,2,Baja California,20233,2023-Q3,1,Hombre,1066594,7439.0168048948335
107,2,Baja California,20233,2023-Q3,2,Mujer,745390,6407.546579642872
108,2,Baja California,20234,2023-Q4,1,Hombre,1089911,7078.945512982253
109,2,Baja California,20234,2023-Q4,2,Mujer,725350,5987.195269869718
110,2,Baja California,20241,2024-Q1,1,Hombre,1062415,7714.681616882292
111,2,Baja California,20241,2024-Q1,2,Mujer,717374,6497.1671777901065
112,2,Baja California,20242,2024-Q2,1,Hombre,1063077,7771.842730112682
113,2,Baja California,20242,2024-Q2,2,Mujer,731598,6663.577244607011
114,2,Baja California,20243,2024-Q3,1,Hombre,1057121,9012.740998428751
115,2,Baja California,20243,2024-Q3,2,Mujer,715442,7079.679182938659
116,2,Baja California,20244,2024-Q4,1,Hombre,1060006,8124.572903360924
117,2,Baja California,20244,2024-Q4,2,Mujer,711127,7098.336560136235
118,2,Baja California,20251,2025-Q1,1,Hombre,1049841,7489.604682042328
119,2,Baja California,20251,2025-Q1,2,Mujer,712053,6359.866362475827
